cli_id;cli_name;cli_cpf;ads_id
1;1;320-58-3665;269
2;2;562-63-3412;291
3;3;393-40-5122;216
4;4;516-36-7689;295
5;5;218-47-8185;34
6;6;197-88-5409;293
7;7;507-87-3215;91
8;8;212-81-5089;202
9;9;105-24-6981;229
10;10;467-27-7591;126
11;11;527-64-1029;236
12;12;454-97-9816;241
13;13;882-23-3453;184
14;14;755-63-3379;147
15;15;855-19-9204;90
16;16;392-66-7242;230
17;17;878-17-2267;264
18;18;829-51-9297;70
19;19;404-90-0485;296
20;20;749-66-9377;71
21;21;740-63-2227;172
22;22;718-01-8545;42
23;23;442-15-8556;17
24;24;884-07-0471;38
25;25;802-31-4508;125
26;26;215-38-4055;97
27;27;693-76-1790;151
28;28;359-01-7231;213
29;29;863-44-0382;72
30;30;676-32-5333;150
31;31;890-12-7815;285
32;32;412-83-2968;195
33;33;590-72-6453;163
34;34;848-10-2428;162
35;35;365-89-1444;244
36;36;204-03-0337;231
37;37;408-45-1287;151
38;38;823-41-8302;292
39;39;835-05-0375;140
40;40;760-49-1469;154
41;41;171-88-6715;295
42;42;592-93-6193;223
43;43;120-64-1092;72
44;44;648-81-2608;18
45;45;124-40-7353;163
46;46;854-99-2738;181
47;47;290-27-7347;19
48;48;210-88-6399;107
49;49;682-54-5763;194
50;50;272-71-1563;166
51;51;360-27-0176;297
52;52;334-19-8023;132
53;53;836-03-9362;15
54;54;160-58-5173;150
55;55;832-40-4255;172
56;56;378-10-3339;199
57;57;733-20-1673;208
58;58;260-31-3685;276
59;59;400-86-2144;239
60;60;725-05-1160;66
61;61;653-67-1581;115
62;62;312-38-7051;238
63;63;162-11-2511;153
64;64;231-52-4421;89
65;65;607-09-1127;187
66;66;102-53-6395;273
67;67;492-39-5373;230
68;68;568-27-6711;282
69;69;683-44-6169;120
70;70;571-87-4893;159
71;71;160-15-3059;298
72;72;492-90-7126;279
73;73;675-49-9776;34
74;74;745-25-4071;165
75;75;434-51-8021;118
76;76;725-44-5294;173
77;77;464-19-6127;126
78;78;322-07-7894;83
79;79;650-65-3453;121
80;80;228-01-6032;206
81;81;113-82-9697;120
82;82;309-77-3684;190
83;83;688-84-8361;242
84;84;497-99-0726;134
85;85;618-59-4144;131
86;86;433-49-8975;35
87;87;486-07-5685;85
88;88;675-39-6276;72
89;89;644-16-9212;70
90;90;606-97-1563;233
91;91;827-93-9555;90
92;92;231-45-2868;293
93;93;295-85-0907;276
94;94;354-40-6638;249
95;95;516-85-9739;278
96;96;678-14-3475;261
97;97;802-56-5020;284
98;98;284-83-4219;17
99;99;495-69-3730;67
100;100;354-22-4965;268
101;101;593-69-7173;59
102;102;505-78-7821;240
103;103;669-51-1044;245
104;104;674-76-3618;49
105;105;854-79-0790;194
106;106;799-17-8004;90
107;107;157-46-1134;67
108;108;467-99-7090;172
109;109;258-95-4579;49
110;110;815-91-9281;123
111;111;547-17-4537;247
112;112;374-35-6252;255
113;113;539-49-6223;276
114;114;419-92-1386;135
115;115;248-19-7014;140
116;116;610-97-4680;271
117;117;216-54-7537;283
118;118;334-99-0901;223
119;119;651-83-4110;24
120;120;875-63-1677;44
121;121;775-91-6125;298
122;122;851-94-8846;31
123;123;533-87-7917;79
124;124;323-05-4271;212
125;125;825-03-4615;254
126;126;226-50-8989;44
127;127;829-73-1521;245
128;128;321-13-3741;66
129;129;317-98-3385;300
130;130;337-76-4629;283
131;131;375-29-7191;84
132;132;724-04-5256;185
133;133;739-87-8157;162
134;134;331-50-1975;100
135;135;487-96-8013;151
136;136;326-74-0320;74
137;137;307-06-8816;293
138;138;760-92-7768;248
139;139;197-83-0582;284
140;140;565-27-4298;138
141;141;470-36-5528;127
142;142;594-66-2040;126
143;143;540-91-5458;191
144;144;375-93-8330;99
145;145;488-38-3064;72
146;146;329-27-0943;38
147;147;483-70-3793;152
148;148;341-83-1002;145
149;149;871-83-0114;36
150;150;203-70-5933;187
151;151;804-03-9290;33
152;152;373-49-1389;205
153;153;814-37-0365;181
154;154;702-24-4110;218
155;155;192-80-4644;79
156;156;859-30-7484;276
157;157;438-67-1173;220
158;158;102-29-4483;227
159;159;441-83-4365;214
160;160;382-65-4614;203
161;161;678-85-3813;148
162;162;219-68-6679;184
163;163;212-05-5038;282
164;164;399-42-1297;125
165;165;563-76-7420;271
166;166;862-72-1461;294
167;167;734-93-1764;41
168;168;643-64-8449;81
169;169;371-32-7487;299
170;170;532-28-2031;155
171;171;603-79-1851;213
172;172;774-36-6543;17
173;173;184-26-7832;151
174;174;402-28-1990;31
175;175;704-12-2948;34
176;176;257-45-3315;105
177;177;306-37-7901;119
178;178;314-51-1945;223
179;179;715-86-7105;24
180;180;539-40-5070;226
181;181;575-09-5764;61
182;182;738-42-1974;227
183;183;766-96-0187;85
184;184;800-01-7067;130
185;185;621-58-5971;205
186;186;820-36-0298;192
187;187;549-66-1714;207
188;188;849-50-0210;211
189;189;825-17-2837;91
190;190;587-54-1095;266
191;191;382-87-1977;74
192;192;123-23-7084;250
193;193;254-08-0859;223
194;194;308-50-2857;230
195;195;123-30-9597;27
196;196;300-61-6288;44
197;197;817-73-6875;111
198;198;489-11-6349;40
199;199;896-82-9487;200
200;200;564-01-4025;46
201;201;473-59-4810;98
202;202;860-01-9737;222
203;203;720-98-2340;34
204;204;501-81-0610;212
205;205;640-48-9450;131
206;206;272-80-5344;29
207;207;148-93-3230;79
208;208;782-23-7031;178
209;209;833-56-2553;293
210;210;742-34-4588;240
211;211;140-79-0631;119
212;212;591-06-5510;122
213;213;129-71-0290;62
214;214;788-94-4525;64
215;215;472-03-1118;245
216;216;156-30-4331;263
217;217;319-87-5037;26
218;218;825-95-1972;146
219;219;781-64-7566;147
220;220;567-29-6216;125
221;221;219-18-8438;186
222;222;746-47-5705;110
223;223;665-76-4695;162
224;224;195-44-8940;96
225;225;629-07-7696;218
226;226;495-65-5050;118
227;227;416-28-9594;235
228;228;397-56-1504;294
229;229;640-17-2636;129
230;230;342-91-9797;194
231;231;551-68-1850;263
232;232;788-42-6145;97
233;233;609-15-9671;161
234;234;472-58-9769;105
235;235;193-87-3352;87
236;236;582-31-3645;213
237;237;277-78-8493;50
238;238;668-37-1080;25
239;239;132-17-2380;271
240;240;469-33-4446;256
241;241;164-78-1402;34
242;242;631-94-2739;269
243;243;411-95-4800;256
244;244;720-04-2177;125
245;245;487-68-4411;16
246;246;154-45-3867;159
247;247;460-47-3947;35
248;248;341-49-2565;285
249;249;777-57-5918;134
250;250;268-91-8998;47
251;251;302-61-8235;158
252;252;273-78-9470;295
253;253;517-91-7355;150
254;254;544-94-6085;186
255;255;769-26-4127;131
256;256;574-80-6463;290
257;257;325-20-5988;69
258;258;791-19-4941;275
259;259;684-05-2124;222
260;260;597-74-4871;58
261;261;253-25-5038;89
262;262;127-46-7265;216
263;263;414-41-7951;41
264;264;814-94-1199;16
265;265;593-23-1132;74
266;266;271-21-6126;138
267;267;722-69-7975;202
268;268;861-76-2033;109
269;269;304-20-5744;60
270;270;595-64-3741;112
271;271;646-86-3937;292
272;272;539-70-5395;129
273;273;527-30-2055;38
274;274;621-32-3373;233
275;275;515-07-7330;56
276;276;820-07-3030;255
277;277;872-57-8903;246
278;278;241-89-8975;267
279;279;357-56-5190;285
280;280;446-42-0382;183
281;281;374-32-0718;74
282;282;407-24-0900;189
283;283;498-15-1414;237
284;284;426-50-4411;155
285;285;299-13-6352;31
